titulo,ano,diretor,duracao,cor,generos,pais,classificacao,orcamento,receita,nota_imdb,likes_facebook,ator_1,ator_2,ator_3
Tangled ,2010,Nathan Greno,100,Color,Adventure|Animation|Comedy|Family|Fantasy|Musical|Romance,USA,Livre,260000000,200807262,7.8,29000,Brad Garrett,Donna Murphy,M.C. Gainey
Robin Hood ,2010,Ridley Scott,156,Color,Action|Adventure|Drama|History,USA,A partir de 13 anos,200000000,105219735,6.7,17000,Mark Addy,William Hurt,Scott Grimes
Alice in Wonderland ,2010,Tim Burton,108,Color,Adventure|Family|Fantasy,USA,Livre,200000000,334185206,6.5,24000,Johnny Depp,Alan Rickman,Anne Hathaway
TRON: Legacy ,2010,Joseph Kosinski,125,Color,Action|Adventure|Sci-Fi,USA,Livre,170000000,172051787,6.8,30000,Jeff Bridges,Olivia Wilde,James Frain
Toy Story 3 ,2010,Lee Unkrich,103,Color,Adventure|Animation|Comedy|Family|Fantasy,USA,Outros,200000000,414984497,8.3,30000,Tom Hanks,John Ratzenberger,Don Rickles
Prince of Persia: The Sands of Time ,2010,Mike Newell,116,Color,Action|Adventure|Fantasy|Romance,USA,A partir de 13 anos,200000000,90755643,6.6,23000,Jake Gyllenhaal,Richard Coyle,Reece Ritchie
Iron Man 2 ,2010,Jon Favreau,124,Color,Action|Adventure|Sci-Fi,USA,A partir de 13 anos,200000000,312057433,7,18000,Robert Downey Jr.,Scarlett Johansson,Jon Favreau
Shrek Forever After ,2010,Mike Mitchell,93,Color,Adventure|Animation|Comedy|Family|Fantasy,USA,Livre,165000000,238371987,6.4,0,Jon Hamm,Kathy Griffin,Mary Kay Place
How to Train Your Dragon ,2010,Dean DeBlois,98,Color,Adventure|Animation|Family|Fantasy,USA,Livre,165000000,217387997,8.2,33000,Gerard Butler,America Ferrera,Craig Ferguson
Inception ,2010,Christopher Nolan,148,Color,Action|Adventure|Sci-Fi|Thriller,USA,A partir de 13 anos,160000000,292568851,8.8,175000,Leonardo DiCaprio,Tom Hardy,Joseph Gordon-Levitt
The Sorcerer's Apprentice ,2010,Jon Turteltaub,109,Color,Action|Adventure|Family|Fantasy,USA,Livre,150000000,63143812,6.1,11000,Nicolas Cage,Omar Benson Miller,Robert Capron
The Chronicles of Narnia: The Voyage of the Dawn Treader ,2010,Michael Apted,113,Color,Adventure|Family|Fantasy,USA,Livre,155000000,104383624,6.3,11000,Bruce Spence,Shane Rangi,Laura Brent
The Wolfman ,2010,Joe Johnston,119,Color,Drama|Fantasy|Horror|Thriller,USA,A partir de 18 anos,150000000,61937495,5.8,0,Anthony Hopkins,Simon Merrells,Art Malik
The Last Airbender ,2010,M. Night Shyamalan,103,Color,Action|Adventure|Family|Fantasy,USA,Livre,150000000,131564731,4.2,18000,Seychelle Gabriel,Noah Ringer,Aasif Mandvi
Salt ,2010,Phillip Noyce,101,Color,Action|Crime|Mystery|Thriller,USA,A partir de 13 anos,110000000,118311368,6.4,23000,Angelina Jolie Pitt,Andre Braugher,August Diehl
Megamind ,2010,Tom McGrath,95,Color,Action|Animation|Comedy|Family|Sci-Fi,USA,Livre,130000000,148337537,7.3,13000,J.K. Simmons,Brad Pitt,Will Ferrell
Clash of the Titans ,2010,Louis Leterrier,106,Color,Action|Adventure|Fantasy,USA,A partir de 13 anos,125000000,163192114,5.8,15000,Liam Neeson,Jason Flemyng,Alexa Davalos
How Do You Know ,2010,James L. Brooks,121,Color,Comedy|Drama|Romance,USA,A partir de 13 anos,120000000,30212620,5.3,0,Shelley Conn,Domenick Lombardozzi,Teyonah Parris
Knight and Day ,2010,James Mangold,117,Color,Action|Comedy|Romance,USA,A partir de 13 anos,117000000,76418654,6.3,11000,Tom Cruise,Marc Blucas,Jordi Mollà
Gulliver's Travels ,2010,Rob Letterman,85,Color,Adventure|Comedy|Family|Fantasy,USA,Livre,112000000,42776259,4.9,0,James Corden,Catherine Tate,Olly Alexander
Little Fockers ,2010,Paul Weitz,98,Color,Comedy|Romance,USA,A partir de 13 anos,100000000,148383780,5.5,0,Robert De Niro,Blythe Danner,Teri Polo
The Other Guys ,2010,Adam McKay,116,Color,Action|Comedy|Crime,USA,A partir de 13 anos,100000000,119219978,6.7,16000,Dwayne Johnson,Will Ferrell,Derek Jeter
The Tourist ,2010,Florian Henckel von Donnersmarck,103,Color,Action|Romance|Thriller,USA,A partir de 13 anos,100000000,67631157,6,25000,Johnny Depp,Angelina Jolie Pitt,Rufus Sewell
Legend of the Guardians: The Owls of Ga'Hoole ,2010,Zack Snyder,101,Color,Action|Adventure|Animation|Family|Fantasy,USA,Livre,80000000,55673333,7,16000,Abbie Cornish,Richard Roxburgh,Anthony LaPaglia
Sex and the City 2 ,2010,Michael Patrick King,146,Color,Comedy|Drama|Romance,USA,A partir de 18 anos,100000000,95328937,4.3,0,Chris Noth,Liza Minnelli,Kristin Davis
Unstoppable ,2010,Tony Scott,98,Color,Action|Thriller,USA,A partir de 13 anos,100000000,81557479,6.8,18000,Denzel Washington,Rosario Dawson,Ethan Suplee
Scott Pilgrim vs. the World ,2010,Edgar Wright,112,Color,Action|Comedy|Fantasy|Romance,USA,A partir de 13 anos,60000000,31494270,7.5,36000,Anna Kendrick,Kieran Culkin,Ellen Wong
Cats & Dogs: The Revenge of Kitty Galore ,2010,Brad Peyton,82,Color,Action|Comedy|Family|Fantasy,USA,Livre,85000000,43575716,4.3,0,Jack McBrayer,Sean Hayes,Katt Williams
The Expendables ,2010,Sylvester Stallone,113,Color,Action|Adventure|Thriller,USA,A partir de 18 anos,80000000,102981571,6.5,57000,Jason Statham,Sylvester Stallone,Jet Li
Shutter Island ,2010,Martin Scorsese,138,Color,Mystery|Thriller,USA,A partir de 18 anos,80000000,127968405,8.1,53000,Leonardo DiCaprio,Joseph Sikora,Nellie Sciutto
The Book of Eli ,2010,Albert Hughes,118,Color,Action|Adventure|Drama|Thriller,USA,A partir de 18 anos,80000000,94822707,6.9,20000,Denzel Washington,Mila Kunis,Gary Oldman
Yogi Bear ,2010,Eric Brevig,80,Color,Adventure|Animation|Comedy|Family,USA,Livre,80000000,100169068,4.6,0,Justin Timberlake,Tom Cavanagh,Josh Robert Thompson
Grown Ups ,2010,Dennis Dugan,102,Color,Comedy,USA,A partir de 13 anos,80000000,162001186,6,12000,Steve Buscemi,Adam Sandler,Salma Hayek
Killers ,2010,Robert Luketic,100,Color,Action|Comedy|Romance|Thriller,USA,A partir de 13 anos,75000000,47000485,5.4,0,Tom Selleck,Lisa Ann Walter,Catherine O'Hara
Wall Street: Money Never Sleeps ,2010,Oliver Stone,136,Color,Drama,USA,A partir de 13 anos,70000000,52474616,6.3,13000,Frank Langella,Austin Pendleton,John Buffalo Mailer
The Twilight Saga: Eclipse ,2010,David Slade,124,Color,Adventure|Drama|Fantasy|Romance,USA,A partir de 13 anos,68000000,300523113,4.9,29000,Robert Pattinson,Kristen Stewart,Anna Kendrick
Despicable Me ,2010,Pierre Coffin,87,Color,Animation|Comedy|Family,USA,Livre,69000000,251501645,7.7,31000,Steve Carell,Miranda Cosgrove,Jack McBrayer
Dinner for Schmucks ,2010,Jay Roach,114,Color,Comedy,USA,A partir de 13 anos,NA,72980108,5.9,0,Steve Carell,Stephanie Szostak,Bruce Greenwood
Due Date ,2010,Todd Phillips,95,Color,Comedy|Drama,USA,A partir de 18 anos,65000000,100448498,6.6,25000,Robert Downey Jr.,RZA,Matt Walsh
Eat Pray Love ,2010,Ryan Murphy,140,Color,Drama|Romance,USA,A partir de 13 anos,60000000,80574010,5.7,26000,James Franco,Julia Roberts,Billy Crudup
RED ,2010,Robert Schwentke,111,Color,Action|Comedy|Crime|Thriller,USA,A partir de 13 anos,58000000,90356857,7.1,32000,Bruce Willis,Morgan Freeman,Jaqueline Fleming
Date Night ,2010,Shawn Levy,101,Color,Comedy|Crime|Romance|Thriller,USA,A partir de 13 anos,55000000,98711404,6.3,0,Mila Kunis,James Franco,Steve Carell
Burlesque ,2010,Steve Antin,119,Color,Drama|Music|Musical|Romance,USA,A partir de 13 anos,55000000,39440655,6.4,19000,Eric Dane,Peter Gallagher,David Walton
Valentine's Day ,2010,Garry Marshall,125,Color,Comedy|Romance,USA,A partir de 13 anos,52000000,110476776,5.7,9000,Bradley Cooper,Taylor Lautner,Anne Hathaway
Marmaduke ,2010,Tom Dey,87,Color,Comedy|Family,USA,Livre,50000000,33643461,4.2,0,Emma Stone,Judy Greer,Steve Coogan
Hereafter ,2010,Clint Eastwood,129,Color,Drama|Fantasy,USA,A partir de 13 anos,50000000,32741596,6.5,16000,Matt Damon,Jay Mohr,Cécile De France
Fair Game ,2010,Doug Liman,108,Color,Biography|Drama|Thriller,USA,A partir de 13 anos,22000000,9528092,6.8,9000,Naomi Watts,Ty Burrell,Brooke Smith
Jonah Hex ,2010,Jimmy Hayward,81,Color,Action|Drama|Fantasy|Thriller|Western,USA,A partir de 13 anos,47000000,10539414,4.7,0,Michael Fassbender,Billy Blair,Julia Jones
The Bounty Hunter ,2010,Andy Tennant,110,Color,Action|Comedy|Romance,USA,A partir de 13 anos,40000000,67061228,5.5,0,Gerard Butler,Dorian Missick,Peter Greene
Charlie St. Cloud ,2010,Burr Steers,99,Color,Drama|Fantasy|Romance,USA,A partir de 13 anos,44000000,31136950,6.5,0,Augustus Prew,Charlie Tahan,Valerie Tian
The Social Network ,2010,David Fincher,120,Color,Biography|Drama,USA,A partir de 13 anos,40000000,96917897,7.7,74000,Andrew Garfield,Dustin Fitzsimons,Marcella Lentz-Pope
Get Him to the Greek ,2010,Nicholas Stoller,114,Color,Comedy|Music,USA,A partir de 18 anos,NA,60923325,6.4,12000,Pink,Mario Lopez,Lino Facioli
Predators ,2010,Nimród Antal,107,Color,Action|Adventure|Sci-Fi|Thriller,USA,A partir de 18 anos,40000000,52000688,6.4,17000,Topher Grace,Alice Braga,Derek Mears
Morning Glory ,2010,Roger Michell,107,Color,Comedy|Drama|Romance,USA,A partir de 13 anos,40000000,30993544,6.5,0,Noah Bean,Patti D'Arbanville,Vanessa Aspillaga
The Town ,2010,Ben Affleck,150,Color,Crime|Drama|Thriller,USA,A partir de 18 anos,37000000,92173235,7.6,29000,Jeremy Renner,Jon Hamm,Owen Burke
Cop Out ,2010,Kevin Smith,107,Color,Action|Comedy|Crime,USA,A partir de 18 anos,37000000,44867349,5.6,0,Bruce Willis,Tracy Morgan,Kevin Pollak
Hot Tub Time Machine ,2010,Steve Pink,101,Color,Comedy|Sci-Fi,USA,A partir de 18 anos,36000000,50213619,6.4,12000,Charlie McDermott,Collette Wolfe,Crystal Lowe
True Grit ,2010,Ethan Coen,110,Color,Adventure|Drama|Western,USA,A partir de 13 anos,38000000,171031347,7.7,36000,Matt Damon,Jeff Bridges,Bruce Green
Secretariat ,2010,Randall Wallace,123,Color,Biography|Drama|Family|History|Sport,USA,Livre,35000000,59699513,7.2,0,Scott Glenn,Kevin Connolly,Dylan Walsh
The Back-up Plan ,2010,Alan Poul,104,Color,Comedy|Romance,USA,A partir de 13 anos,35000000,37481242,5.3,0,Danneel Ackles,Noureen DeWulf,Tom Bosley
Furry Vengeance ,2010,Roger Kumble,92,Color,Comedy|Family,USA,Livre,35000000,17596256,3.8,0,Brendan Fraser,Brooke Shields,Matt Prokop
Takers ,2010,John Luessenhop,107,Color,Action|Crime|Thriller,USA,A partir de 13 anos,20000000,57744720,6.2,0,Paul Walker,Hayden Christensen,Jay Hernandez
Repo Men ,2010,Miguel Sapochnik,119,Color,Action|Crime|Sci-Fi|Thriller,USA,A partir de 18 anos,32000000,13763130,6.3,12000,Alice Braga,RZA,Yvette Nicole Brown
Going the Distance ,2010,Nanette Burstein,102,Color,Comedy|Romance,USA,A partir de 18 anos,32000000,17797316,6.3,0,Rob Riggle,Kelli Garner,Jim Gaffigan
Extraordinary Measures ,2010,Tom Vaughan,106,Color,Drama,USA,Livre,31000000,11854694,6.5,0,Harrison Ford,Brendan Fraser,Alan Ruck
Letters to Juliet ,2010,Gary Winick,105,Color,Comedy|Drama|Romance,USA,Livre,30000000,53021560,6.5,13000,Vanessa Redgrave,Marcia DeBonis,Luisa Ranieri
Step Up 3D ,2010,Jon M. Chu,107,Color,Drama|Music|Romance,USA,A partir de 13 anos,30000000,42385520,6.2,16000,Alyson Stoner,Stephen Boss,Facundo Lombard
The Next Three Days ,2010,Paul Haggis,133,Color,Crime|Drama|Romance|Thriller,USA,A partir de 13 anos,35000000,21129348,7.4,27000,Olivia Wilde,Daniel Stern,Aisha Hinds
Love & Other Drugs ,2010,Edward Zwick,112,Color,Comedy|Drama|Romance,USA,A partir de 18 anos,30000000,32357532,6.7,24000,Jake Gyllenhaal,Anne Hathaway,Judy Greer
The Spy Next Door ,2010,Brian Levant,94,Color,Action|Comedy|Family,USA,Livre,28000000,24268828,5.4,0,Madeline Carroll,Amber Valletta,George Lopez
Legion ,2010,Scott Stewart,100,Color,Action|Fantasy|Horror,USA,A partir de 18 anos,26000000,40168080,5.2,0,Dennis Quaid,Kate Walsh,Charles S. Dutton
Dear John ,2010,Lasse Hallström,108,NA,Drama|Romance|War,USA,A partir de 13 anos,25000000,80014842,6.3,14000,Channing Tatum,Henry Thomas,Scott Porter
The Losers ,2010,Sylvain White,97,Color,Action|Crime|Drama|Mystery|Thriller,USA,A partir de 13 anos,25000000,23527955,6.4,0,Chris Evans,Jason Patric,Óscar Jaenada
Don't Be Afraid of the Dark ,2010,Troy Nixey,99,Color,Fantasy|Horror|Thriller,USA,A partir de 18 anos,25000000,24042490,5.6,10000,Bailee Madison,Alan Dale,Jack Thompson
My Soul to Take ,2010,Wes Craven,107,Color,Horror|Mystery|Thriller,USA,A partir de 18 anos,25000000,14637490,4.8,0,Frank Grillo,Emily Meade,Zena Grey
The Conspirator ,2010,Robert Redford,122,Color,Crime|Drama|History,USA,A partir de 13 anos,25000000,11538204,7,0,Robin Wright,Tom Wilkinson,Stephen Root
Love Ranch ,2010,Taylor Hackford,117,Color,Comedy|Drama|Romance|Sport,USA,A partir de 18 anos,25000000,134904,5.7,636,Scout Taylor-Compton,Bai Ling,Gil Birmingham
Piranha 3D ,2010,Alexandre Aja,88,Color,Comedy|Horror,USA,A partir de 18 anos,24000000,25003072,5.5,13000,Adam Scott,Kelly Brook,Jessica Szohr
Faster ,2010,George Tillman Jr.,98,Color,Action|Crime|Drama|Thriller,USA,A partir de 18 anos,24000000,23225911,6.5,12000,Dwayne Johnson,Tom Berenger,Mike Epps
Stone ,2010,John Curran,105,Color,Drama|Thriller,USA,A partir de 18 anos,22000000,1796024,5.4,0,Robert De Niro,Milla Jovovich,Frances Conroy
For Colored Girls ,2010,Tyler Perry,133,Color,Drama,USA,A partir de 18 anos,NA,37721949,6,0,Omari Hardwick,Loretta Devine,Kimberly Elise
Jackass 3D ,2010,Jeff Tremaine,101,Color,Action|Comedy|Documentary,USA,A partir de 18 anos,20000000,117224271,7.1,0,Bam Margera,Steve-O,Chris Pontius
The Last Song ,2010,Julie Anne Robinson,107,Color,Drama|Family|Music|Romance,USA,Livre,20000000,62933793,5.8,10000,Kelly Preston,Bobby Coleman,Melissa Ordway
Why Did I Get Married Too? ,2010,Tyler Perry,121,Color,Comedy|Drama|Romance,USA,A partir de 13 anos,20000000,60072596,4.4,0,Michael Jai White,Cicely Tyson,Tasha Smith
The American ,2010,Anton Corbijn,105,Color,Crime|Drama|Thriller,USA,A partir de 18 anos,20000000,35596227,6.3,10000,Violante Placido,Thekla Reuten,Filippo Timi
Vampires Suck ,2010,Jason Friedberg,82,Color,Comedy,USA,A partir de 13 anos,20000000,36658108,3.5,16000,Diedrich Bader,Dave Foley,Anneliese van der Pol
The Debt ,2010,John Madden,113,Color,Drama|Thriller,USA,A partir de 18 anos,20000000,31146570,6.9,0,Tom Wilkinson,Jesper Christensen,Romi Aboulafia
You Again ,2010,Andy Fickman,105,Color,Comedy|Family|Romance,USA,Livre,20000000,25677801,5.8,0,Jamie Lee Curtis,James Wolk,Christine Lakin
She's Out of My League ,2010,Jim Field Smith,104,Color,Comedy|Romance,USA,A partir de 18 anos,20000000,31584722,6.4,0,Mike Vogel,Kim Shaw,Geoff Stults
Alpha and Omega ,2010,Anthony Bell,90,Color,Adventure|Animation|Comedy|Family|Romance,USA,Livre,20000000,25077977,5.3,0,Kevin Sussman,Larry Miller,Christine Lakin
All Good Things ,2010,Andrew Jarecki,101,Color,Crime|Drama|Mystery|Romance|Thriller,USA,A partir de 18 anos,NA,578382,6.3,0,Ryan Gosling,Kirsten Dunst,Frank Langella
Dylan Dog: Dead of Night ,2010,Kevin Munroe,107,Color,Action|Comedy|Crime|Fantasy|Horror|Mystery|Sci-Fi|Thriller,USA,A partir de 13 anos,20000000,1183354,5.1,0,Marco St. John,Laura Spencer,Anita Briem
The Tempest ,2010,Julie Taymor,110,Color,Comedy|Drama|Fantasy|Romance,USA,A partir de 13 anos,20000000,263365,5.4,0,Djimon Hounsou,Reeve Carney,Tom Conti
The Switch ,2010,Josh Gordon,101,Color,Comedy|Drama|Romance,USA,A partir de 13 anos,19000000,27758465,6.1,0,Caroline Dhavernas,Scott Elrod,Kelli Barrett
The Crazies ,2010,Breck Eisner,101,Color,Horror|Thriller,USA,A partir de 18 anos,20000000,39103378,6.5,0,Radha Mitchell,Glenn Morshower,John Aylward
Leap Year ,2010,Anand Tucker,100,Color,Comedy|Romance,USA,Livre,19000000,12561,6.4,13000,Adam Scott,Kaitlin Olson,Dominique McElligott
127 Hours ,2010,Danny Boyle,94,Color,Adventure|Biography|Drama|Thriller,USA,A partir de 18 anos,18000000,18329466,7.6,63000,James Franco,Treat Williams,Kate Burton
TRON: Legacy ,2010,Joseph Kosinski,125,Color,Action|Adventure|Sci-Fi,USA,Livre,170000000,172051787,6.8,30000,Jeff Bridges,Olivia Wilde,James Frain
Lottery Ticket ,2010,Erik White,99,Color,Comedy,USA,A partir de 13 anos,NA,24708699,4.9,0,Brandon T. Jackson,Loretta Devine,Shad Moss
Remember Me ,2010,Allen Coulter,113,Color,Drama|Romance,USA,A partir de 13 anos,16000000,19057024,7.2,24000,Robert Pattinson,Lena Olin,Ruby Jerins
Diary of a Wimpy Kid ,2010,Thor Freudenthal,94,Color,Comedy|Family,USA,Livre,15000000,64001297,6.2,0,Chloë Grace Moretz,Zachary Gordon,Rachael Harris
Clash of the Titans ,2010,Louis Leterrier,106,Color,Action|Adventure|Fantasy,USA,A partir de 13 anos,125000000,163192114,5.8,15000,Liam Neeson,Jason Flemyng,Alexa Davalos
Ramona and Beezus ,2010,Elizabeth Allen Rosenbaum,103,Color,Adventure|Comedy|Family|Fantasy,USA,Outros,15000000,26161406,6.7,0,Sierra McCormick,Hutch Dano,Jason Spevack
You Will Meet a Tall Dark Stranger ,2010,Woody Allen,98,Color,Comedy|Drama|Romance,USA,A partir de 18 anos,22000000,3247816,6.3,0,Anthony Hopkins,Naomi Watts,Ewen Bremner
Our Family Wedding ,2010,Rick Famuyiwa,103,Color,Comedy|Romance,USA,A partir de 13 anos,14000000,20246959,4.9,1000,America Ferrera,Lance Gross,Lupe Ontiveros
Flipped ,2010,Rob Reiner,90,Color,Comedy|Drama|Romance,USA,Livre,14000000,1752214,7.7,14000,Madeline Carroll,Rebecca De Mornay,Aidan Quinn
Black Swan ,2010,Darren Aronofsky,108,Color,Drama|Thriller,USA,A partir de 18 anos,13000000,106952327,8,106000,Natalie Portman,Mila Kunis,Mark Margolis
The Killer Inside Me ,2010,Michael Winterbottom,109,Color,Crime|Drama|Thriller,USA,A partir de 18 anos,13000000,214966,6.1,0,Liam Aiken,Ned Beatty,Jay R. Ferguson
Machete ,2010,Ethan Maniquis,105,Color,Action|Crime|Thriller,USA,A partir de 18 anos,10500000,26589953,6.7,44000,Robert De Niro,Don Johnson,Cheech Marin
Just Wright ,2010,Sanaa Hamri,100,Color,Comedy|Romance|Sport,USA,Livre,NA,21520719,5.8,0,Common,Laz Alonso,Mehcad Brooks
The Fighter ,2010,David O. Russell,116,Color,Biography|Drama|Sport,USA,A partir de 18 anos,25000000,93571803,7.9,36000,Christian Bale,Jack McGee,Melissa McMeekin
Devil ,2010,John Erick Dowdle,80,Color,Horror|Mystery|Thriller,USA,A partir de 13 anos,10000000,33583175,6.3,16000,Bojana Novakovic,Bokeem Woodbine,Geoffrey Arend
Skyline ,2010,Colin Strause,97,Color,Action|Sci-Fi|Thriller,USA,A partir de 13 anos,10000000,21371425,4.4,13000,David Zayas,Donald Faison,Brittany Daniel
MacGruber ,2010,Jorma Taccone,95,Color,Action|Comedy|Romance,USA,A partir de 18 anos,10000000,8460995,5.5,0,Jasper Cole,Will Forte,Powers Boothe
The Tourist ,2010,Florian Henckel von Donnersmarck,103,Color,Action|Romance|Thriller,USA,A partir de 13 anos,100000000,67631157,6,25000,Johnny Depp,Angelina Jolie Pitt,Rufus Sewell
Blood Done Sign My Name ,2010,Jeb Stuart,128,Color,Drama,USA,A partir de 13 anos,NA,82739,6.7,503,Ricky Schroder,Nate Parker,Lee Norris
Good Intentions ,2010,Jim Issa,84,Color,Comedy,USA,A partir de 13 anos,10000000,NA,5.2,119,Elaine Hendrix,Luke Perry,Jon Gries
The Runaways ,2010,Floria Sigismondi,106,Color,Biography|Drama|Music,USA,A partir de 18 anos,10000000,3571735,6.6,0,Kristen Stewart,Scout Taylor-Compton,Johnny Lewis
Easy A ,2010,Will Gluck,92,Color,Comedy|Romance,USA,A partir de 13 anos,8000000,58401464,7.1,19000,Emma Stone,Dan Byrd,Fred Armisen
It's Kind of a Funny Story ,2010,Anna Boden,101,Color,Comedy|Drama|Romance,USA,A partir de 13 anos,8000000,6350058,7.2,20000,Zoë Kravitz,Jeremy Davies,Jim Gaffigan
Cyrus ,2010,Jay Duplass,91,Color,Comedy|Drama|Romance,USA,A partir de 18 anos,7000000,7455447,6.3,0,Matt Walsh,Tim Guinee,Katie Aselton
Somewhere ,2010,Sofia Coppola,97,Color,Comedy|Drama,USA,A partir de 18 anos,7000000,1768416,6.3,0,Nathalie Fay,Chris Pontius,Erin Wasson
Hesher ,2010,Spencer Susser,106,Color,Drama,USA,A partir de 18 anos,7000000,382946,7.1,19000,Joseph Gordon-Levitt,Natalie Portman,Rainn Wilson
The Extra Man ,2010,Shari Springer Berman,108,Color,Comedy,USA,A partir de 18 anos,7000000,453079,5.9,916,Lynn Cohen,Marian Seldes,Dan Hedaya
Ca$h ,2010,Stephen Milburn Anderson,118,Color,Comedy|Crime|Thriller,USA,A partir de 18 anos,7000000,46451,6,694,Chris Hemsworth,Mike Starr,Paul Sanchez
The 5th Quarter ,2010,Rick Bieber,90,Color,Biography|Drama|Sport,USA,Livre,6000000,399611,5.7,0,Aidan Quinn,Kendrick Cross,Sammy Nagi Njuguna
Standing Ovation ,2010,Stewart Raffill,105,Color,Musical,USA,Livre,NA,531806,3.4,277,Kayla Jackson,Alexis Biesiada,Kayla Raparelli
Everything Must Go ,2010,Dan Rush,97,Color,Comedy|Drama,USA,A partir de 18 anos,5000000,2711210,6.4,0,Will Ferrell,Scott Takeda,Stephen Root
Rabbit Hole ,2010,John Cameron Mitchell,91,Color,Drama,USA,A partir de 13 anos,5000000,2221809,7,0,Dianne Wiest,Jon Tenney,Tammy Blanchard
The Kids Are All Right ,2010,Lisa Cholodenko,106,Color,Comedy|Drama,USA,A partir de 18 anos,3500000,20803237,7.1,16000,Josh Hutcherson,Mia Wasikowska,Yaya DaCosta
My Soul to Take ,2010,Wes Craven,107,Color,Horror|Mystery|Thriller,USA,A partir de 18 anos,25000000,14637490,4.8,0,Frank Grillo,Emily Meade,Zena Grey
Trust ,2010,David Schwimmer,106,Color,Crime|Drama|Thriller,USA,A partir de 18 anos,9500000,58214,7,10000,Noah Emmerich,Jordan Trovillion,Zoe Levin
Stake Land ,2010,Jim Mickle,98,Color,Drama|Horror|Sci-Fi,USA,A partir de 18 anos,650000,18469,6.5,0,Connor Paolo,Michael Cerveris,Nick Damici
Beginners ,2010,Mike Mills,105,Color,Comedy|Drama|Romance,USA,A partir de 18 anos,3200000,5776314,7.2,15000,Goran Visnjic,Lou Taylor Pucci,Mary Page Keller
Paranormal Activity 2 ,2010,Tod Williams,98,Color,Horror,USA,A partir de 18 anos,3000000,84749884,5.7,14000,Sprague Grayden,Molly Ephraim,Micah Sloat
Please Give ,2010,Nicole Holofcener,90,Color,Comedy|Drama,USA,A partir de 18 anos,NA,4033268,6.6,0,Oliver Platt,Thomas Ian Nicholas,Ann Morgan Guilbert
Letters to God ,2010,David Nixon,110,Color,Drama|Family,USA,Livre,3500000,2848578,6.3,0,Robyn Lively,Michael Bolten,Christopher Schmidt
Alice in Wonderland ,2010,Tim Burton,108,Color,Adventure|Family|Fantasy,USA,Livre,200000000,334185206,6.5,24000,Johnny Depp,Alan Rickman,Anne Hathaway
Barry Munday ,2010,Chris D'Arienzo,95,Color,Comedy|Drama|Romance,USA,A partir de 18 anos,NA,NA,5.9,480,Judy Greer,Cybill Shepherd,Shea Whigham
Freakonomics ,2010,Heidi Ewing,93,Color,Documentary,USA,A partir de 13 anos,3000000,100675,6.4,0,Greg Crowe,James Ransone,Tempestt Bledsoe
8: The Mormon Proposition ,2010,Reed Cowan,80,Color,Documentary,USA,A partir de 18 anos,2500000,99851,7.1,0,Dustin Lance Black,Emily Pearson,Gavin Newsom
Super ,2010,James Gunn,96,Color,Comedy|Crime|Drama,USA,A partir de 18 anos,2500000,322157,6.8,19000,Linda Cardellini,Rainn Wilson,Paul T. Taylor
Christmas Mail ,2010,John Murlowski,89,Color,Comedy|Drama|Family|Romance,USA,Outros,2500000,NA,5.8,190,Ashley Scott,Piper Mackenzie Harris,Lochlyn Munro
Redemption Road ,2010,Mario Van Peebles,95,Color,Drama,USA,A partir de 13 anos,NA,27012,5.9,279,Tom Skerritt,Cinda McCain,Luke Perry
Lies in Plain Sight ,2010,Patricia Cardoso,89,Color,Drama,USA,Outros,2100000,NA,6.3,162,Rosie Perez,Martha Higareda,Cheyenne Haynes
Winter's Bone ,2010,Debra Granik,100,Color,Drama,USA,A partir de 18 anos,2000000,6531491,7.2,20000,Jennifer Lawrence,Shelley Waggener,Lauren Sweetser
Inside Job ,2010,Charles Ferguson,105,Color,Crime|Documentary,USA,A partir de 13 anos,NA,4311834,8.3,63000,Matt Damon,George W. Bush,Barney Frank
Meek's Cutoff ,2010,Kelly Reichardt,104,Color,Drama|Western,USA,Livre,NA,977600,6.5,0,Bruce Greenwood,Zoe Kazan,Shirley Henderson
The Virginity Hit ,2010,Huck Botko,86,Color,Comedy,USA,A partir de 18 anos,3400000,535249,4.6,974,Matt Bennett,Krysta Rodriguez,Zack Pearlman
Nine Dead ,2010,Chris Shadley,83,Color,Crime|Drama|Horror|Mystery|Thriller,USA,A partir de 18 anos,2000000,NA,5.5,0,Daniel Baldwin,William Lee Scott,Marc Macaulay
I Spit on Your Grave ,2010,Steven R. Monroe,105,Color,Horror|Thriller,USA,A partir de 18 anos,2000000,92401,6.3,17000,Sarah Butler,Chad Lindberg,Daniel Franzese
N-Secure ,2010,David M. Matthews,NA,Color,Crime|Drama|Thriller,USA,A partir de 18 anos,NA,2592808,3.5,588,Essence Atkins,Lamman Rucker,Tempestt Bledsoe
Insidious ,2010,James Wan,103,Color,Fantasy|Horror|Mystery|Thriller,USA,A partir de 13 anos,1500000,53991137,6.8,60000,Lin Shaye,Barbara Hershey,Philip Friedman
Mooz-Lum ,2010,Qasim Basir,94,Color,Drama|Family,USA,A partir de 13 anos,NA,NA,6.7,0,Dorian Missick,Nia Long,Evan Ross
Amigo ,2010,John Sayles,124,Color,Drama|War,USA,A partir de 18 anos,1700000,183490,5.8,594,Brian Lee Franklin,John Arcilla,Ronnie Lazaro
The 41-Year-Old Virgin Who Knocked Up Sarah Marshall and Felt Superbad About It ,2010,Craig Moss,82,Color,Comedy,USA,A partir de 18 anos,1300000,NA,2.7,0,Noureen DeWulf,Bryan Callen,Matt Crabtree
The Dead Undead ,2010,Matthew R. Anderson,89,Color,Action|Horror|Sci-Fi,USA,A partir de 18 anos,1100000,NA,3,444,Johnny Pacar,Vernon Wells,Matthew R. Anderson
Blue Valentine ,2010,Derek Cianfrance,112,Color,Drama|Romance,USA,A partir de 18 anos,3500000,9701559,7.4,25000,Ryan Gosling,Mike Vogel,John Doman
The Perfect Host ,2010,Nick Tomnay,93,Color,Comedy|Crime|Thriller,USA,A partir de 18 anos,500000,48430,6.8,0,David Hyde Pierce,Clayne Crawford,Nathaniel Parker
I Want Your Money ,2010,Ray Griggs,92,Color,Documentary,USA,Livre,400000,425899,5.1,638,Bill Farmer,Chris Cox,Mike Huckabee
3 Backyards ,2010,Eric Mendelsohn,88,Color,Drama,USA,A partir de 18 anos,300000,NA,5.2,92,Embeth Davidtz,Edie Falco,Kathryn Erbe
Anderson's Cross ,2010,Jerome Elston Scott,98,Color,Comedy|Drama|Romance,USA,A partir de 18 anos,300000,NA,7.2,7,Taran Killam,Joanna Cassidy,Ryan Carnes
Death Calls ,2010,Ken Del Conte,90,Color,Action|Adventure|Mystery|Romance|Thriller,USA,A partir de 18 anos,290000,NA,4.3,16,Hector Echavarria,Robert Miano,Ron Roggé
The Christmas Bunny ,2010,Tom Seidman,98,Color,Drama|Family,USA,Livre,250000,NA,6.2,0,Florence Henderson,Derek Brandon,Charles Irving Beale
The Grace Card ,2010,David G. Evans,101,Color,Drama,USA,A partir de 13 anos,200000,2428241,6.4,0,Michael Joiner,Chris Thomas,Michael Higgenbottom
Super Hybrid ,2010,Eric Valette,94,Color,Horror|Sci-Fi|Thriller,USA,A partir de 13 anos,13000000,NA,3.9,0,Melanie Papalia,Ryan Kennedy,John Reardon
Tiny Furniture ,2010,Lena Dunham,98,Color,Comedy|Drama|Romance,USA,Outros,65000,389804,6.3,0,Lena Dunham,Merritt Wever,Jemima Kirke
